product_type,facility_count,total_limit_amount,total_drawn_balance,total_ead,total_el,avg_pd,avg_lgd,weighted_interest_rate,el_rate
Overdraft / Revolving Working Capital,58,46786266.99,26226404.88,39359736.64,1797372.63,0.06686,0.675037,0.107623,0.045665
Property Backed Loan,58,190661757.38,171287906.78,171287906.78,1868731.8,0.034628,0.302986,0.077846,0.01091
SME Cash Flow Term Loan,64,82077800.35,70354708.4,70354708.4,2309801.92,0.05458,0.56519,0.093125,0.032831
Total Portfolio,180,319525824.72,267869020.06,281002351.82,5975906.35,0.044138,0.420747,0.085842,0.021266
